,地址,店名
0,臺北市大同區長安西路143號,101玩具：長安店周邊商品販售中
1,臺北市大同區重慶北路2段171號,家樂福：重慶店
2,臺北市大同區承德路3段42號1樓,可可電玩
3,臺北市大同區延平北路1段110號112號116號1樓,統一超商：延平北
4,臺北市士林區忠誠路二段55號3樓,101玩具：高島屋周邊商品販售中
5,臺北市士林區天母東路68號6樓,FUNBOX：天母新光
6,臺北市士林區天母西路63號1樓,紅蘋果周邊商品販售中
7,臺北市士林區中山北路六段77號7樓,其曜玩具：天母SOGO周邊商品販售中
8,臺北市士林區大東路35號1樓,統一超商：大饌
9,臺北市士林區光華路26巷10號1樓,統一超商：文學
10,臺北市士林區延平北路六段229號231號,統一超商：集鑫
11,臺北市士林區重慶北路四段177號,統一超商：福順
12,臺北市士林區德行西路47號2樓,玩具e哥：天母家樂福
13,臺北市士林區士東路292號1樓,玩具森林：士東路
14,臺北市士林區中山北路7段24-1號地下1樓,玩具森林：中山北路
15,臺北市士林區通河街80號1樓,春大地親子百貨
16,臺北市士林區福港街246號248號,統一超商：新劍潭
17,臺北市士林區福港街246號,統一超商：新劍潭
18,臺北市南港區忠孝東路七段369號B棟3樓,FUNBOX：南港潤泰周邊商品販售中
19,臺北市南港區經貿二路186號C棟1樓,TOYWORLD：南港中信周邊商品販售中
20,臺北市南港區忠孝東路七段371號B1A樓,TOYWORLD：南港環球周邊商品販售中
21,臺北市南港區興華路119、121、123、125號,統一超商：港興
22,臺北市中正區寶慶路32號5樓,FUNBOX：寶慶遠東周邊商品販售中
23,臺北市中正區中華路二段303巷3號,世興精品禮坊（中興精品）周邊商品販售中
24,臺北市中正區市民大道一段100號B1,永淇樂園地下街周邊商品販售中
25,臺北市中正區市民大道三段2號6樓,玩具e哥：台北三創店
26,臺北市中正區市民大道一段100號79-1號店,玩具e哥：台北大道一店
27,臺北市中正區市民大道一段100號39號店鋪,玩具e哥：台北大道二店
28,臺北市中正區市民大道一段100號B1-51號店,其曜玩具：台北地下街周邊商品販售中
29,臺北市中正區林森南路4之3號,統一超商：千成
30,臺北市中正區新生南路一段126-7號,統一超商：新南
31,臺北市中正區忠孝西路一段66號8樓,鼎美玩具：站前新光周邊商品販售中
32,臺北市中正區忠孝西路一段50之1號地下街3-3B號櫃位,玩具e哥：站前地下街
33,臺北市中正區中華路二段407號,統一超商：掬華
34,臺北市中正區思源街16號,統一超商：博源
35,臺北市中正區新生南路1段170巷14之3號1樓,統一超商：瑞德
36,臺北市中正區武昌街1段45號1樓,統一超商：博美
37,臺北市中正區汀州路3段184號,金石堂：汀州店
38,臺北市信義區松高路11號5樓,TOYWORLD：信義誠品周邊商品販售中
39,臺北市信義區松山路141號,玩具e哥：松山店周邊商品販售中
40,臺北市信義區吳興街156巷2弄2號4號1樓,統一超商：三興
41,臺北市信義區松高路12號5樓,鼎美玩具：信義新光
42,臺北市信義區松仁路58號5樓,FUNBOX：信義遠東周邊商品販售中
43,臺北市信義區忠孝東路五段8號4樓,其曜玩具：統一時代百貨周邊商品販售中
44,臺北市信義區忠孝東路五段297號,愛買：忠孝店
45,臺北市中山區敬業三路22號4樓,TOYWORLD：美麗華周邊商品販售中
46,臺北市中山區敬業四路1號1樓,統一超商：萬濠
47,臺北市中山區南京西路12號6樓,鼎美玩具：南西新光周邊商品販售中
48,臺北市中山區新生北路二段28號1樓,玩具反斗城：新生店周邊商品販售中
49,臺北市中山區農安街28-1號1樓28-2號1樓,統一超商：農安
50,臺北市內湖區康寧路三段74號2樓,玩具e哥：內湖康寧店周邊商品販售中
51,臺北市內湖區民善街88號4樓,玩具反斗城：內湖家樂福店周邊商品販售中
52,臺北市內湖區民權東路六段296巷20號2樓,金玉堂：葫洲店
53,臺北市內湖區瑞光路76巷59號1樓,統一超商：日內瓦
54,臺北市內湖區內湖路二段407號409號411號1樓,統一超商：金龍
55,臺北市內湖區環山路二段123號,統一超商：環金
56,臺北市內湖區內湖路2段76巷18號,聖橋行周邊商品販售中
57,臺北市內湖區民善街88號3樓,家樂福：內湖店
58,臺北市內湖區舊宗路一段188號2樓,玩具e哥：內湖大潤發
59,臺北市內湖區文湖街83號1樓,統一超商：金湖
60,臺北市內湖區行善路35號1F,統一超商：彩龍
61,臺北市內湖區成功路四段30巷28弄29號B1,玩具e哥：內湖成功店
62,臺北市松山區南京東路三段337號7樓,玩具反斗城：敦化店周邊商品販售中
63,臺北市松山區民生東路五段184-6號,原紹商行周邊商品販售中
64,臺北市松山區民生東路五段100號,統一超商：東吉
65,臺北市松山區八德路四段686號,統一超商：松鑽
66,臺北市松山區健康路11號,統一超商：健一
67,臺北市松山區南京東路四段25號25之1號,統一超商：敦巨
68,臺北市松山區新東街60巷16號18號1樓,統一超商：福源
69,臺北市松山區南京東路4段66號,統一超商：京育
70,臺北市松山區新東街41-7號,統一超商：征唐
71,臺北市萬華區桂林路1號,家樂福：桂林店
72,臺北市萬華區昆明街76之1號1樓,統一超商：昆明
73,臺北市萬華區新忠里西藏路125巷17號,統一超商：國雙
74,臺北市萬華區武昌街二段114之3號.之4號,統一超商：鑫樂昇
75,臺北市萬華區桂林路71號1樓,興育聖文化事業有限公司
76,臺北市萬華區昆明街81號83號,統一超商：世運
77,臺北市萬華區昆明街30-1號,統一超商：昆福
78,臺北市萬華區莒光路216號萬大路57號1樓,統一超商：萬華
79,臺北市萬華區西園路二段281巷29、31、33號,統一超商：園寶
80,臺北市萬華區萬大路495號497號,統一超商：大華
81,臺北市萬華區昆明街197號1樓,統一超商：漢陽
82,臺北市大安區忠孝東路四段45號10樓,其曜玩具：忠孝SOGO周邊商品販售中
83,臺北市大安區信義路三段101號,統一超商：信中
84,臺北市大安區羅斯福路3段277號B1,正昇文具行
85,臺北市大安區忠孝東路四段299號,統一超商：吉孝
86,臺北市大安區金山南路二段18號1樓,統一超商：金信
87,臺北市大安區臥龍街151巷27號,宏鼎文具
88,臺北市大安區臥龍街252號,統一超商：麟光
89,臺北市大安區信義路3段65號1樓,統一超商：森美
90,臺北市大安區忠孝東路3段249號,統一超商：建忠
91,臺北市大安區和平東路3段51號1樓,統一超商：合億
92,臺北市大安區臥龍街252號,統一超商：麟光
93,臺北市北投區溫泉路73巷5號地下二樓之1,統一超商：加賀屋
94,臺北市北投區明德路114號,統一超商：明德
95,臺北市北投區公館路165號1樓,統一超商：清江
96,臺北市北投區文林北路98號100號,統一超商：新豪美
97,臺北市北投區實踐街65號,鴻成行周邊商品販售中
98,臺北市北投區石牌路二段348巷1號3號1樓,統一超商：行義
99,臺北市北投區富貴一路3號,統一超商：天富
100,臺北市北投區中央南路1段114號,統一超商：大中
101,臺北市北投區自強街82號,統一超商：統勝
102,"臺北市文山區秀明路二段8號,10號",統一超商：新秀
103,臺北市文山區羅斯福路六段20.22號,統一超商：新萬隆
104,臺北市文山區景中街30巷12號,愛買：景美店
105,臺北市文山區興隆路二段94之3號1樓,鈺峰行周邊商品販售中
106,臺北市文山區萬和街6號2樓之1,統一超商：萬美
107,新北市中和區中山路三段122號3樓,FUNBOX：中和環球周邊商品販售中
108,新北市中和區中山路三段122號3樓,TOYWORLD：中和環球
109,新北市中和區和平街19-2號,好日玩具周邊商品販售中
110,新北市中和區中山路二段291號6樓602櫃,玩具e哥：中和威力店周邊商品販售中
111,新北市中和區景平路71-5號,統一超商：冠德
112,新北市中和區中正路683號,統一超商：景鑫
113,新北市中和區壽德街22號,統一超商：德旺
114,新北市中和區中山路三段118之6之7之8號,統一超商：環冠
115,新北市中和區福祥路156、158號,統一超商：福勝
116,新北市中和區大勇街25巷1號,統一超商：福和
117,新北市中和區民利街38號1樓,統一超商：利穗
118,新北市中和區圓通路280號,統一超商：圓通
119,新北市中和區景平路756號,統一超商：福美
120,新北市中和區福祥路68號,統一超商：鑫庫
121,新北市永和區中山路一段238號3樓,FUNBOX：比漾廣場周邊商品販售中
122,新北市永和區民生路46巷56號,愛買：永和店
123,新北市永和區仁愛路267號,統一超商：園和
124,新北市永和區永和路二段272號274號1樓,統一超商：永藝
125,新北市永和區永利路132號1樓,玩具超人
126,新北市汐止區新臺五路一段93-99號2樓,FUNBOX：汐止遠雄周邊商品販售中
127,新北市汐止區中興路131號,四傑文具周邊商品販售中
128,新北市汐止區新臺五路一段99號,家樂福：汐科店
129,新北市汐止區宜興街8號,統一超商：富鄰
130,新北市汐止區湖前街37.39號1樓,統一超商：湖鑫
131,新北市汐止區建成路57巷1號3號,統一超商：旭泰
132,新北市新莊區新北大道四段3號5樓,FUNBOX：宏匯廣場周邊商品販售中
133,新北市新莊區幸福路763號3樓,TOYWORLD：新莊佳瑪
134,新北市新莊區民安路222號,文薪書城周邊商品販售中
135,新北市新莊區幸福路763號3樓,老虎歡樂世界：新莊佳瑪
136,新北市新莊區新泰路21號,統一超商：莊泰
137,新北市新莊區八德街59號,統一超商：莊勝
138,新北市新莊區中港路527號,統一超商：港義
139,新北市新莊區新莊路437號1樓,統一超商：武聖廟
140,新北市新莊區民安西路390號,統一超商：光華
141,新北市新莊區昌隆街83號,玩具e哥：新莊昌隆店
142,新北市新莊區幸福路40號,統一超商：思源
143,新北市新莊區中正路895號895號之1,統一超商：迴龍站
144,新北市淡水區義山路二段303號1樓,FUNBOX：美麗新淡海影城周邊商品販售中
145,新北市淡水區中正路159號,FUNBOX：淡水中正周邊商品販售中
146,新北市淡水區中正路一段2號,FUNBOX：禮萊廣場周邊商品販售中
147,新北市淡水區英專路93號,統一超商：英專
148,新北市淡水區義山路二段303號B棟1樓(toypark),其曜玩具：美麗新淡海影城
149,新北市淡水區新春街142號1樓,統一超商：新春
150,新北市樹林區保安里樹新路40之6號4樓,FUNBOX：樹林秀泰周邊商品販售中
151,新北市樹林區大安路118號,FUNBOX：樹林家樂福周邊商品販售中
152,新北市樹林區博愛街89號2樓,TOYWORLD：樹林博愛店周邊商品販售中
153,新北市樹林區大安路118號2F,家樂福：樹林店
154,新北市樹林區中正路222號,統一超商：樹龍
155,新北市樹林區中山路一段48號,微學館：樹林店
156,新北市樹林區博愛街89號2樓,老虎歡樂世界：樹林店
157,新北市樹林區光華街2、4號,統一超商：武林
158,新北市樹林區八德街321號,玩巨帝國：樹林店
159,新北市樹林區中山路三段209-1號,統一超商：佳政
160,新北市樹林區中正路438號,統一超商：樹躍
161,新北市林口區文化三路一段356號2樓,GSE：林口三井
162,新北市林口區中正路86號,文聖書局：林口
163,新北市林口區中正路90號92號1樓,統一超商：新林口
164,新北市林口區文化三路一段356號2樓,TOYWORLD：林口三井周邊商品販售中
165,新北市林口區湖南村8鄰頭湖70-9號,統一超商：貝比
166,新北市林口區仁愛路二段510號1樓,統一超商：遠來
167,新北市林口區文化三路二段283號,統一超商：未央
168,新北市林口區文化三路二段156號,統一超商：榮曜
169,新北市板橋區縣民大道二段7號2樓,TOYWORLD：板橋環球店周邊商品販售中
170,新北市板橋區文化路一段360號B1,玩具e哥：板橋新埔店
171,新北市板橋區大觀路三段236號B1,金玉堂：大觀店
172,新北市板橋區金門街175號,統一超商：金園
173,新北市板橋區漢生東路309號,統一超商：漢東
174,新北市板橋區懷德街203.205號,統一超商：懷翠
175,新北市板橋區貴興路101號,愛買：南雅店
176,新北市板橋區中山路一段152號8樓,鼎美玩具：板橋遠東周邊商品販售中
177,新北市板橋區新站路28號5樓,FUNBOX：板橋大遠百周邊商品販售中
178,新北市板橋區合宜路151號1樓,統一超商：大合宜
179,新北市板橋區德興街20、22、24號,統一超商：興板
180,新北市板橋區南雅南路二段144巷14號1樓,統一超商：秋雅
181,新北市板橋區文化路1段419-5號1樓,統一超商：埔西
182,新北市板橋區裕民街53、55號,統一超商：吉翠
183,新北市板橋區民生路二段237號1樓,統一超商：埔站
184,新北市板橋區永豐街173號,統一超商：戰國
185,新北市板橋區溪北路43號1樓,統一超商：樹溪
186,新北市板橋區文化路1段393號1樓,統一超商：埔西
187,新北市板橋區華東街270號1樓,統一超商：華雅
188,新北市蘆洲區長榮路8號2樓,TOYWORLD：蘆洲佳瑪周邊商品販售中
189,新北市蘆洲區長榮路8號3樓,老虎歡樂世界：蘆洲佳瑪
190,新北市蘆洲區中正路117號,春大地周邊商品販售中
191,新北市蘆洲區長樂路2之6號1樓,統一超商：蘆興
192,新北市蘆洲區中原路13號,龍天地文具批發廣場周邊商品販售中
193,新北市蘆洲區民族路26號1樓,薪友文具行周邊商品販售中
194,新北市蘆洲區重陽街92號1樓,統一超商：陽州
195,新北市新店區三民路69號,小獅王文具店周邊商品販售中
196,新北市新店區二十張路5號1樓,統一超商：二十張
197,新北市新店區中正路688.690號,統一超商：正鵬
198,新北市新店區安康路2段350-3號,統一超商：安峰
199,新北市新店區安德街70.72號1+2樓,統一超商：安康
200,新北市新店區安民街335.337號1樓,統一超商：統和
201,新北市新店區光明街140號,統一超商：新明
202,新北市新店區中興路1段289號,統一超商：鎮鑫
203,新北市新店區北宜路一段16號2樓,老虎歡樂世界：碧潭廣場
204,新北市新店區北宜路一段16號2樓L2-008櫃,TOYWORLD：新店碧潭
205,新北市新店區順安街51.53號,統一超商：新順安
206,新北市新店區建國路268號3樓,老虎歡樂世界：新店店
207,新北市新店區玫瑰路58巷4號B1,統一超商：玫瑰
208,新北市新店區三民路35巷2號,統一超商：美河
209,新北市新店區安康路1段168號1樓,統一超商：百豐
210,新北市新店區安康路1段168號1樓,統一超商：百豐
211,新北市土城區延和路197號,禾麥環球（197生活館）周邊商品販售中
212,新北市土城區中央路二段61巷11號,玩具e哥：土城日月光店周邊商品販售中
213,新北市土城區青雲路152號,統一超商：佳福
214,新北市土城區承天路1號,統一超商：承天
215,新北市土城區興城路96巷4號,統一超商：信利
216,新北市土城區中央路一段88號1樓,統一超商：皇翔
217,新北市土城區立德路105號1樓,玩具e哥：土城立德
218,新北市三重區三民街175巷28號1樓,亞利文具行周邊商品販售中
219,新北市三重區五華街282號,家樂福：蘆洲店
220,新北市三重區中正北路25巷17號1樓,康郁商行周邊商品販售中
221,新北市三重區下竹圍街26號,統一超商：下竹圍
222,新北市三重區三信路196號,統一超商：重樂
223,新北市三重區福德南路38號1樓,統一超商：環德
224,新北市三重區中正北路193巷45號,愛買：三重店
225,新北市三重區永安北路二段15號,統一超商：樂林
226,新北市三重區三陽路62號64號,統一超商：新陽
227,新北市三重區自強路一段73號2樓,老虎歡樂世界：三重佳瑪
228,新北市三重區重新路五段654號1樓,玩具e哥：家福重新店
229,新北市三重區自強路四段102號104號1樓,統一超商：三好
230,新北市三重區自強路一段73號2樓,TOYWORLD：三重佳瑪
231,新北市三重區龍門路6-1號1樓,玩具e哥：三重介壽店
232,新北市三重區福田里三民街274號1樓,統一超商：三田
233,新北市三重區龍濱路51號1樓,統一超商：福濱
234,新北市三重區力行路1段60之1號60之2號1樓,統一超商：立福
235,新北市鶯歌區建國路152號,金玉堂：鶯歌店周邊商品販售中
236,新北市鶯歌區鶯桃路432號,統一超商：長虹
237,新北市三峽區溪東路300號,統一超商：岩昇
238,新北市三峽區民生街25號,統一超商：萬誠
239,新北市瑞芳區民生街23號,統一超商：瑞信
240,新北市八里區中山路二段151號153號1樓,統一超商：西雅圖
241,新北市深坑區北深路三段145號,統一超商：元坊
242,新北市泰山區全興路165號,統一超商：福興
243,基隆市中正區義二路12號,全家樂玩具店周邊商品販售中
244,基隆市信義區深溪路53號B1,老虎歡樂世界：基隆愛買
245,基隆市信義區深溪路43號45號1樓,統一超商：新福樂
246,基隆市安樂區樂利二街62巷291號,統一超商：樂添
247,基隆市安樂區中和路166之5號,統一超商：新和慶
248,基隆市仁愛區仁一路281號1樓,統一超商：愛六
249,基隆市暖暖區源遠路158.160號,統一超商：碇內
250,基隆市暖暖區源遠路158、160號,統一超商：碇內
251,桃園市中壢區中園路二段501號2樓,FUNBOX：大江周邊商品販售中
252,桃園市中壢區春德路189號1樓(140櫃位）,FUNBOX：華泰名品城周邊商品販售中
253,桃園市中壢區中園路二段501號4樓,GSE：大江店
254,桃園市中壢區中園路二段501號4樓,TOYWORLD：大江店周邊商品販售中
255,桃園市中壢區中正路51號4樓,TOYWORLD：中壢中正店
256,桃園市中壢區實踐路81號,玩具e哥：桃園中原店
257,桃園市中壢區中華路二段501號2樓,玩具反斗城：中壢家樂福
258,桃園市中壢區中山東路二段510號,家樂福：中壢店
259,桃園市中壢區中華路一段450號,家樂福：內壢店
260,桃園市中壢區元化路357號8樓,其曜玩具：中壢SOGO周邊商品販售中
261,桃園市中壢區龍岡路三段192號194號196號1樓,統一超商：成龍
262,桃園市中壢區高鐵站前西路二段96號1樓,統一超商：青禾
263,桃園市中壢區新生路738號740號742號1樓,統一超商：笙園
264,桃園市中壢區莊敬路141號,統一超商：富莊
265,桃園市中壢區中北路二段468號46櫃,玩具e哥：中壢大潤發周邊商品販售中
266,桃園市中壢區高鐵南路二段352號4樓,TOYWORLD：桃園環球
267,桃園市中壢區中正路51號4樓,老虎歡樂世界：中壢中正店
268,桃園市中壢區領航北路2段60號,統一超商：青航
269,桃園市中壢區領航北路二段208號,統一超商：塘園
270,桃園市中壢區中美路39號1樓,統一超商：壢美
271,桃園市中壢區新興路124號1樓,統一超商：驛光
272,桃園市中壢區元化路307號1樓,統一超商：海帝
273,桃園市中壢區福州一街102號1樓,統一超商：福州一
274,桃園市中壢區福州二街392號1樓,統一超商：新福街
275,桃園市中壢區榮安十三街297號1樓及榮安十四街2號1樓,統一超商：榮安
276,桃園市中壢區民族路6段232號1樓,統一超商：豐亞
277,桃園市中壢區福州二街392號1樓,統一超商：新福街
278,桃園市桃園區中正路19號8樓,FUNBOX：桃園站前新光
279,桃園市桃園區中正路20號6樓,FUNBOX：桃園遠東
280,桃園市桃園區春日路618-1號B1,TOYWORLD：桃園春日周邊商品販售中
281,桃園市桃園區中華路43號2樓,一刻館周邊商品販售中
282,桃園市桃園區經國路369號B1,家樂福：經國店
283,桃園市桃園區莊敬路一段175號177號1樓,統一超商：新莊伯
284,桃園市桃園區中山路939號,愛買：桃園店
285,桃園市桃園區大有路189號5樓,鼎美玩具：桃園大有新光
286,桃園市桃園區寶山街280號1樓,統一超商：寶山街
287,桃園市桃園區健行路88號,統一超商：健業
288,桃園市桃園區北埔路36號2樓,玩具e哥：桃園北埔店
289,桃園市桃園區同德六街1號,統一超商：千藝
290,桃園市桃園區正光路425號1樓427號1樓,統一超商：福倉
291,桃園市桃園區建國路41-1號1樓,統一超商：尊品
292,桃園市桃園區春日路618號B1,老虎歡樂世界：春日店
293,桃園市桃園區溫州一路302號306號1樓2樓,統一超商：合禾
294,桃園市桃園區中正路61號B1,TOYWORLD：桃園統領
295,桃園市蘆竹區南崁路一段112號4樓,TOYWORLD：桃園台茂周邊商品販售中
296,桃園市蘆竹區南山路一段2-5號,老虎歡樂世界：南崁店
297,桃園市蘆竹區南山路一段2-5號,玩具e哥：桃園南山店周邊商品販售中
298,桃園市蘆竹區中正路1號5樓,玩具e哥：桃園南崁
299,桃園市蘆竹區大福路189號,統一超商：亮亞
300,桃園市蘆竹區南順六街22號24號,統一超商：順舜
301,桃園市蘆竹區仁愛路一段464之1號,統一超商：蘆愛
302,桃園市蘆竹區中山路152、154、156號1樓,統一超商：蘆山
303,桃園市楊梅區大成路99號3樓,TOYWORLD：楊梅大成店周邊商品販售中
304,桃園市楊梅區大成路99號3樓,老虎歡樂世界：楊梅佳瑪
305,桃園市楊梅區梅高路二段136巷5號,統一超商：高尚
306,桃園市楊梅區中山北路二段23巷6號,愛買：楊梅店
307,桃園市楊梅區環東路484號,新興模型玩具商行周邊商品販售中
308,桃園市楊梅區三民北路177號,統一超商：楊民
309,桃園市楊梅區三民北路88號1樓,統一超商：三沅
310,桃園市楊梅區永美路385-9號1樓2樓,統一超商：永誠
311,桃園市楊梅區梅獅路一段158號1樓,玩巨帝國：桃園店
312,桃園市龍潭區中正路106號2樓,TOYWORLD：龍潭佳瑪周邊商品販售中
313,桃園市龍潭區中正路106號2樓,老虎歡樂世界：龍潭佳瑪
314,桃園市龍潭區民族路168號170號172號1樓,統一超商：新龍鄉
315,桃園市龍潭區中正路331號,玩樂多：龍潭店
316,桃園市龜山區新興里自強南路75號及77號,金玉堂：龜山店周邊商品販售中
317,桃園市龜山區忠義路二段630號,統一超商：忠湖
318,桃園市龜山區萬壽路二段353號1樓,統一超商：茶專
319,桃園市龜山區文青路206號208號210號1樓,統一超商：富亨
320,桃園市龜山區萬壽路1段307.309號1樓,統一超商：萬龍
321,桃園市龜山區文化三路386號1樓,統一超商：廣華
322,桃園市龜山區文化二路28-1號28-2號28-3號1,統一超商：鑫華夏
323,桃園市龜山區萬壽路一段282號,金玉堂：迴龍店周邊商品販售中
324,桃園市龜山區光峰路221號,統一超商：常楓
325,桃園市龜山區大同路212號1樓,統一超商：同銘
326,桃園市龜山區文化二路20之1號1樓,TOYWORLD：龜山文化
327,桃園市八德區介壽路一段728號,家樂福：八德店
328,桃園市八德區東勇北路380號,統一超商：勇伯
329,桃園市八德區東勇街396-1號,統一超商：湧北
330,桃園市八德區介壽路一段728號B1,老虎歡樂世界：八德置地廣場
331,桃園市八德區介壽路2段148號1樓,玩具e哥：八德大潤發
332,桃園市大園區高鐵北路三段45號,統一超商：祥綸
333,桃園市大園區新興路62號,統一超商：新田園
334,桃園市大園區大成路一段2號1樓,統一超商：高盛
335,桃園市平鎮區新富五街9號1樓,統一超商：富寶
336,桃園市平鎮區南東路57-1號2樓,玩具e哥：平鎮大潤發
337,桃園市平鎮區中庸路208號,玩樂多：平鎮店
338,桃園市平鎮區延平路二段366號,家薩軟式飛鏢
339,桃園市平鎮區平東路225號1樓,統一超商：平東
340,桃園市平鎮區中豐路南勢一段173號1樓,統一超商：鎮翊
341,桃園市大溪區文化路188號,統一超商：文漢
342,桃園市新屋區新生里12鄰中山路367號,統一超商：廣泰
343,桃園市觀音區莊敬路377、379號,統一超商：統愿
344,新竹市北區湳雅街91之2號2樓(ad161),FUNBOX：新竹湳雅大魯閣周邊商品販售中
345,新竹市北區湳雅街97號2樓,玩具e哥：新竹湳雅店
346,新竹市北區南寮里東大路4段123號,統一超商：冠亨
347,新竹市北區武陵路63號1樓,統一超商：武陵
348,新竹市東區公道五路二段469號B1,老虎歡樂世界：新竹愛買店
349,新竹市東區食品路157號,金玉堂：食品店
350,新竹市東區公道五路二段469號B1,愛買：新竹店
351,新竹市東區平和街7號B1,新世紀遊樂器周邊商品販售中
352,新竹市東區西大路323號6樓,鼎美玩具：新竹遠東周邊商品販售中
353,新竹市東區中央路229號5樓,FUNBOX：新竹巨城周邊商品販售中
354,新竹市東區關東路23巷66號,TG運動館：新竹店周邊商品販售中
355,新竹市東區光復路一段531巷70-1號,統一超商：科有
356,新竹市東區民生路226號,統一超商：竹博
357,新竹市東區中華路二段668號,統一超商：泰一
358,新竹市東區光復路2段321號 (2館1樓),統一超商：工研院
359,新竹市東區中央路229號8樓,玩具反斗城：新竹巨城
360,新竹市新竹市東大路二段174號,統一超商：竹陵
361,新竹市香山區海埔路136號,統一超商：海天
362,新竹市香山區牛埔東路188號,孩子玩伴：新竹店
363,新竹市香山區香山里瑞光街23號,統一超商：豪順
364,新竹縣竹北市復興三路二段168號1樓,TOYWORLD：6+Plaza廣場
365,新竹縣竹北市莊敬北路18號3樓,FUNBOX：竹北遠百
366,新竹縣竹北市光明六路89號2樓,玩具e哥：竹北家樂福
367,新竹縣竹北市文興路1段198號,玩的夥：文興店
368,新竹縣竹北市華興街298號1樓,統一超商：竹樺
369,新竹縣竹北市自強南路136號,統一超商：鹿家
370,新竹縣竹北市東興路二段39號,統一超商：璞玉
371,新竹縣竹北市自強三路98號,大學城文具
372,新竹縣竹北市自強南路36號1樓,FUNBOX：竹北享平方
373,新竹縣竹北市莊敬六街83號1樓,全家：竹北永豐店
374,新竹縣竹北市中正西路389號,統一超商：中新
375,新竹縣竹北市莊敬五街13號,統一超商：禾遠
376,新竹縣竹北市中正西路389號,統一超商：中新
377,新竹縣竹東鎮中興路三段297號,伍聯生鮮超市
378,新竹縣竹東鎮中正路15號1樓,統一超商：長政
379,新竹縣芎林鄉富林路二段729號,統一超商：飛凰
380,新竹縣湖口鄉光復東路8號1樓,統一超商：豐鼎
381,新竹縣湖口鄉中山路一段790號,統一超商：王爺
382,苗栗縣苗栗市新東街219號,統一超商：苗碩
383,苗栗縣苗栗市府前路120號,統一超商：新苗中
384,苗栗縣公館鄉館南路216-2號,統一超商：館福
385,苗栗縣頭份市中央路105號6樓,FUNBOX：苗栗尚順周邊商品販售中
386,苗栗縣頭份市自強路230號1樓櫃位編號27+30,玩具e哥：頭份大潤發
387,苗栗縣頭份市建國里中華路1381號1樓,孩子玩伴：頭份店
388,苗栗縣頭份市永貞路一段128號,統一超商：貞豪
389,苗栗縣頭份市永貞路一段128號1樓,統一起商：貞豪
390,苗栗縣竹南鎮博愛街62號3樓,TOYWORLD：竹南佳瑪周邊商品販售中
391,苗栗縣竹南鎮延平路170號,統一超商：國豪
392,苗栗縣竹南鎮博愛街62號3樓,老虎歡樂世界：竹南佳瑪
393,苗栗縣銅鑼鄉中正路177.179號,統一超商：銅鑼
394,苗栗縣頭屋鄉尖豐路118號120號1樓,統一超商：頭屋
395,臺中市南屯區文心南路289號4樓,FUNBOX：文心秀泰店周邊商品販售中
396,臺中市南屯區惠文路497號一樓,王者娛樂休閒館
397,臺中市南屯區五權西路二段245號,唐采文具玩具批發：五權店
398,臺中市南屯區文心路一段521號2樓,家樂福：文心店
399,臺中市南屯區中和里黎明路1段263號,統一超商：上楓樹
400,臺中市南屯區大墩路717-5號,統一超商：墩業
401,臺中市南屯區文心南五路ㄧ段319號,統一超商：文豐
402,臺中市南屯區嶺東南路165號,統一超商：春安
403,臺中市南屯區黎明東街22號,統一超商：黎明東
404,臺中市西區臺灣大道3段251號5樓5樓,FUNBOX：台中大遠百
405,臺中市西區臺灣大道二段459號8樓,FUNBOX：廣三SOGO周邊商品販售中
406,臺中市西區健行路1049號6樓,TOYWORLD：台中綠園道周邊商品販售中
407,臺中市西區明義街6號,統一超商：明義
408,臺中市西區忠明南路117號,統一超商：鄉林夏都
409,臺中市西區美村路一段54號,統一超商：美生
410,臺中市西區雙龍里模範街34巷1號,統一超商：模範
411,臺中市西區美村路1段54號,統一超商：美生
412,臺中市東區復興路四段186號7樓,FUNBOX：台中新時代
413,臺中市東區南京路66號3樓,TOYWORLD：台中秀泰周邊商品販售中
414,臺中市東區東光園路142號,統一超商：光園
415,臺中市東區建德街174號,統一超商：鑫建德
416,臺中市東區進德路700號南館3F,GSE：台中三井
417,臺中市東區進德路600號4樓 40370櫃位,Lalaport 台中 Toyworld
418,臺中市后里區月眉東路2段181號D棟1樓(店號1004),FUNBOX：台中麗寶二期周邊商品販售中
419,臺中市后里區福容路201號2樓,TOYWORLD：台中麗寶周邊商品販售中
420,臺中市后里區福容路201號1樓,統一超商：新麗寶
421,臺中市后里區甲后路一段955號,統一超商：后宥
422,臺中市豐原區復興路2號5樓,FUNBOX：豐原太平洋周邊商品販售中
423,臺中市豐原區三豐路二段496號,統一超商：豐王
424,臺中市豐原區向陽路276號,統一超商：豐鑫
425,臺中市豐原區成功路500號4樓,玩具e哥：豐原家樂福
426,臺中市豐原區社興五街1號,全家：豐原社興店
427,臺中市豐原區水源路420號,愛買：豐原店
428,臺中市西屯區河南路三段120號B2樓,GSE：老虎城店
429,臺中市西屯區中清路二段1199號3樓,TOYWORLD：愛買水湳周邊商品販售中
430,臺中市西屯區河南路三段120號B2,玩具反斗城：台中老虎城店周邊商品販售中
431,臺中市西屯區臺灣大道3段301號6樓,鼎美玩具：台中新光周邊商品販售中
432,臺中市西屯區台灣大道四段1086號2樓,家樂福：西屯店
433,臺中市西屯區寧夏路170號,統一超商：夏督
434,臺中市西屯區青海路二段207-18號B1樓,FUNBOX：青海家樂福
435,臺中市西屯區忠義街80號,統一超商：原義
436,臺中市西屯區文華路10-7號,統一超商：逢華
437,臺中市西屯區逢甲里西屯路二段256巷8號1樓,統一超商：寶慶
438,臺中市西屯區協和里工業區三十八路30號1樓,統一超商：鑫工和
439,臺中市西屯區中清路3段436號B1,FUNBOX：家福中清店
440,臺中市西屯區上安路136號1樓,全家：台中上安店
441,臺中市西屯區中工三路214之1號,全家：台中天保店
442,臺中市南區復興路二段188號,台中夢幻之星
443,臺中市南區復興路一段395號2樓,老虎歡樂世界：愛買復興
444,臺中市南區南平路182號,統一超商：南美
445,臺中市南區忠明南路787號,統一超商：鑫廣
446,臺中市南區文心南路883號1樓,統一超商：福田
447,臺中市北屯區文心路四段225號,玩具e哥：台中文心店
448,臺中市北屯區軍功路二段183號,統一超商：松潭
449,臺中市北屯區太順路112號1樓,統一超商：順太
450,臺中市北屯區青島路三段155號1樓,統一超商：青河
451,臺中市北屯區昌平路二段45號之8及45號之9,統一超商：昌盛
452,臺中市北屯區旅順路2段357、359號1樓,統一超商：旅順路
453,臺中市北屯區敦富路367、369、371號,統一超商：敦富
454,臺中市北屯區昌平東二路179號1樓,全家：台中仁美店
455,臺中市東勢區豐勢路中盛巷6號,哈佛書局周邊商品販售中
456,臺中市清水區秀水里五權路328號,統一超商：大秀
457,臺中市大肚區沙田路二段740號,統一超商：大肚
458,臺中市沙鹿區沙田路17之19號,統一超商：天仁
459,臺中市沙鹿區中清路六段259號,統一超商：清泉崗
460,臺中市沙鹿區南陽路439號,統一超商：鎮揚
461,臺中市大里區美群路60號,統一超商：美群
462,臺中市大里區甲堤南路71號,統一超商：新堤
463,臺中市大里區東湖里中山路131號,統一超商：軟體
464,臺中市大里區永隆路209號1樓,全家：大里順發店
465,臺中市大里區大明路340號1樓,統一超商：新永大
466,臺中市北區民權路361號,統一超商：淡溝
467,臺中市外埔區甲后路三段1025號,統一超商：新甲后
468,臺中市太平區新平路二段221號,統一超商：溪洲
469,臺中市太平區新興路312號,統一超商：金興
470,臺中市太平區長億路172號,全家：太平金永億店
471,臺中市潭子區崇德路四段250之1號,統一超商：潭豐
472,臺中市梧棲區臺灣大道十段168號(櫃號：30300),TOYWORLD：中港三井周邊商品販售中
473,臺中市梧棲區文化路二段55號,統一超商：港區
474,臺中市梧棲區文匯街66號,統一超商：文雅
475,臺中市梧棲區四維路73號,統一超商：大維
476,臺中市梧棲區台灣大道十段166號 (店鋪號60300),FUNBOX：中港三井
477,臺中市北區三民路3段161號B棟7樓,鼎美玩具：台中中友周邊商品販售中
478,臺中市北區錦新街49號,玩的夥：台中店
479,臺中市北區大德街87號1樓,統一超商：醫德
480,臺中市北區中清路一段102號1樓,統一超商：汶莊
481,臺中市北區忠明路426號1樓,統一超商：忠權
482,臺中市北區陜西路48號48之1號,統一超商：陜西
483,臺中市大雅區雅環路2段18號,德周電玩：大雅店
484,臺中市大雅區中清路四段408號,統一超商：浤淶
485,臺中市大雅區民生路三段159號,統一超商：民生路
486,臺中市大甲區光明路1號,統一超商：媽祖
487,臺中市大甲區順天里蔣公路,統一超商：茂華
488,臺中市烏日區三榮路二段199號,統一超商：榮田
489,臺中市烏日區九德里20鄰中華路593號,統一超商：吉宏
490,臺中市烏日區三榮路一段558號,統一超商：三和
491,臺中市中區自由路2段9號,統一超商：市鑫
492,臺中市霧峰區樹仁路26號,統一超商：峰資
493,臺中市神岡區神清路260號,統一超商：鑫和睦
494,臺中市神岡區中山路473號,統一超商：倍沅
495,臺中市神岡區中山路473號,統一超商：倍沅
496,彰化縣彰化市金馬路二段321號2樓,FUNBOX：彰化家樂福周邊商品販售中
497,彰化縣彰化市三民路404號,金玉堂：彰化三民店
498,彰化縣彰化市金馬路二段321號B1,家樂福：彰化店
499,彰化縣彰化市延平里大埔路405號,統一超商：大陽
500,彰化縣彰化市天祥路359號,統一超商：巨峰
501,彰化縣彰化市中山路2段489號1樓,玩具E哥：彰化中山
502,彰化縣彰化市民生路249號1樓,金石堂：光復店
503,彰化縣員林市溝皂東街32號,大利市百貨：員林店
504,彰化縣員林市大同路一段348號,金玉堂：員林店
505,彰化縣員林市萬年里員水路二段19鄰433號,統一超商：員農
506,彰化縣花壇鄉彰員路一段臨551號,統一超商：三春
507,彰化縣花壇鄉中山路二段1號1樓,統一超商：花壇
508,彰化縣埤頭鄉埤頭村斗苑東路588號,統一超商：斗苑
509,彰化縣和美鎮彰新路六段臨566號,統一超商：和冠
510,彰化縣芬園鄉彰南路4段172號,統一超商：芬園
511,彰化縣社頭鄉中山路一段516號,統一超商：金佳旺
512,彰化縣埔鹽鄉彰水路二段36號,統一超商：埔鹽
513,彰化縣北斗鎮斗中路319號,統一超商：中圳
514,彰化縣福興鄉橋頭村復興路120號,全家：福興福鹿店
515,南投縣南投市三和三路21號B1,FUNBOX：南投家樂福周邊商品販售中
516,南投縣南投市三和三路21號,家樂福：南投店
517,南投縣草屯鎮芬草路三段219-1號,統一超商：向日葵
518,南投縣草屯鎮碧山路739號,統一超商：龍星
519,南投縣埔里鎮樹人路221-2號,統一超商：龍揚
520,南投縣埔里鎮中華路205號,玩具e哥：南投埔里
521,南投縣埔里鎮中正路534號,全家：埔里金車店
522,南投縣竹山鎮集山路三段1089號,統一超商：前山
523,雲林縣斗六市西平路159之1號,玩具e哥：雲林斗六店周邊商品販售中
524,雲林縣斗六市明德北路一段110號,統一超商：育北
525,雲林縣斗六市明德北路三段285號,統一超商：保庄
526,雲林縣斗六市雲林路二段297號,FUNBOX：斗六家樂福周邊商品販售中
527,雲林縣斗六市漢口路190.191號,統一超商：上慶
528,雲林縣虎尾鎮立德路6號,玩具e哥：雲林虎尾店周邊商品販售中
529,雲林縣虎尾鎮林森路二段61號,金玉堂：虎尾店
530,雲林縣麥寮鄉中山路399號,金玉堂：麥寮店
531,雲林縣北港鎮華南路101號2樓,家樂福：北港店
532,雲林縣西螺鎮中興里延平路418號,統一超商：興平
533,雲林縣土庫鎮建國路161號,全家：土庫新建國店
534,雲林縣莿桐鄉四合村后埔128號,全家：莿桐饒平店
535,嘉義市西區垂陽路726號9樓,FUNBOX：嘉義新光
536,嘉義市西區垂楊路537號4樓,FUNBOX：嘉義遠東
537,嘉義市西區文化路299號2樓,TOYWORLD：嘉義秀泰周邊商品販售中
538,嘉義市西區八德路237號,統一超商：八大
539,嘉義市西區北社尾路165號,統一超商：北社尾
540,嘉義市西區中正路433號,興義發記周邊商品販售中
541,嘉義市西區忠孝路600號4樓,FUNBOX：嘉義耐斯
542,嘉義市西區玉山路203號,統一超商：新港坪
543,嘉義市西區博愛路二段281號B1,FUNBOX：大潤發嘉義店
544,嘉義市西區博愛路二段281號B1,FUNBOX：大潤發嘉義店
545,嘉義市東區忠孝路576號,玩具e哥：嘉義忠孝店
546,嘉義市東區嘉北街72號,嘉舜遊戲王模型玩具店周邊商品販售中
547,嘉義市西區玉山路422號,統一超商：資砡
548,嘉義縣太保市祥和三路東段226號,統一超商：保祥
549,嘉義縣中埔鄉隆興村3鄰汴頭60號,統一超商：彩虹
550,嘉義縣民雄鄉文隆村鴨母水土1-92號,統一超商：嘉大
551,嘉義縣朴子市大同路166號,全家：朴子樸仔腳店
552,臺南市麻豆區興南路42號,1+1玩具
553,臺南市麻豆區中山路141號,玩具e哥：台南麻豆店周邊商品販售中
554,臺南市麻豆區中山路11號,統一超商：新麻豆
555,臺南市北區西門路4段153號,8點文具
556,臺南市東區中華東路1段366號4樓,FUNBOX：南紡購物中心周邊商品販售中
557,臺南市東區東寧路61號1樓,玩具e哥：台南東寧店周邊商品販售中
558,臺南市東區中華東路1段366號4樓,玩具反斗城：南紡購物中心周邊商品販售中
559,臺南市東區東門路三段220號,統一超商：立東
560,臺南市東區仁和路126號1樓,統一超商：竹篙厝
561,臺南市東區林森路二段188號,全家：台南林森店
562,臺南市仁德區中山路711號2樓,FUNBOX：家樂福仁德店周邊商品販售中
563,臺南市仁德區大同路3段755號,FUNBOX：家樂福新仁店
564,臺南市中西區中山路一段166號5樓,玩具e哥：台南Focus店
565,臺南市中西區中山路162號8樓,鼎美玩具：台南新光
566,臺南市中西區西門路一段658號3樓,鼎美玩具：西門新光周邊商品販售中
567,臺南市中西區西賢里和緯路5段283號1樓,福盛泰玩具行周邊商品販售中
568,臺南市中西區南門路229號之1,金玉堂：南門店
569,臺南市新營區復興路155之2號,玩具e哥：台南新營店
570,臺南市新營區三民路96號,金玉堂：新營店
571,臺南市新營區民生里三民路152-13號1樓,統一超商：新民
572,臺南市新營區民治路228號1樓,統一超商：新北
573,臺南市新營區民治路228號1樓,統一超商：新北
574,臺南市安南區安和路一段121號,金玉堂：安和店周邊商品販售中
575,臺南市安南區海佃路一段361號,金玉堂：海佃店周邊商品販售中
576,臺南市安南區安中路一段711號,統一超商：安中
577,臺南市安南區海佃路三段317號,101文具：本淵寮店周邊商品販售中
578,臺南市安南區新順里培安路155號,統一超商：加吉吉
579,臺南市安南區安中路六段599號,統一超商：城中
580,臺南市安南區安中路6段599號,統一超商：城中
581,臺南市善化區中正路515號,金玉堂：善化店
582,臺南市善化區蓮潭里陽光大道198號,統一超商：陽光城
583,臺南市善化區中山路143-2號,統一超商：新樹人
584,臺南市佳里區中和街80號,金佳人玩具周邊商品販售中
585,臺南市佳里區安南路256號,統一超商：南龍
586,臺南市佳里區建南里公園路270號1樓,萊登童創館
587,臺南市南區大同路3段755號,家樂福：新仁店
588,臺南市南區大成路二段86號,統一超商：土定富
589,臺南市南區新都路460號,統一超商：樂豐
590,臺南市南區大忠里中華南路一段178號,統一超商：大忠
591,臺南市南區健康路二段268-1號,統一超商：文南
592,臺南市南區喜樹路220號,全家：台南三喜店
593,臺南市歸仁區南保里大德路307號,統一超商：仁興
594,臺南市歸仁區歸仁大道101號3樓30680櫃位,鼎美玩具：台南三井
595,臺南市歸仁區六甲里中正南路一段1020號,統一超商：六發
596,臺南市歸仁區大成路211號,統一超商：紅瓦厝
597,臺南市永康區永明街175號,統一超商：永玉
598,臺南市永康區東橋一路28號,統一超商：東橋
599,臺南市永康區崑大路8號,崑山玩具精品批發：台南永康店
600,臺南市永康區埔園里中山路398號,統一超商：永龍
601,臺南市永康區大橋二街130號,統一超商：橋富
602,臺南市永康區中華路617-1號,統一超商：鑫永康
603,臺南市永康區永大一路60號,統一超商：雙永
604,臺南市永康區中正南路358號B1 商店街,玩具e哥：台南中正
605,臺南市安定區港尾里港子尾37-28號,統一超商：安高
606,臺南市西港區新興街8-77號,統一超商：喬興
607,臺南市新市區復興路59號61號63號,統一超商：新新善
608,臺南市新市區大社里大社710號1樓,統一超商：社頂
609,臺南市東區裕信路352號,統一超商：裕信
610,臺南市安平區平豐路430號,統一超商：豐平
611,臺南市安平區慶平路413號,101文具：安平店周邊商品販售中
612,臺南市北區和緯路三段228號,領先書局
613,臺南市北區前鋒路210號4樓,FUNBOX：台南遠百周邊商品販售中
614,臺南市北區臨安路2段310號B1,玩具e哥：台南大潤發
615,臺南市白河區新興路507號,統一超商：東楨
616,臺南市關廟區中山路一段393號,金玉堂：關廟店
617,臺南市新化區信義路371號,全家：新化鑫義店
618,高雄市前金區五福三路59號5樓,FUNBOX：大立百貨周邊商品販售中
619,高雄市前金區成功一路266-1號8樓,FUNBOX：高雄漢神周邊商品販售中
620,高雄市苓雅區三多四路21號6樓,FUNBOX：高雄遠百周邊商品販售中
621,高雄市苓雅區武漢街72號,統一超商：武漢
622,高雄市大樹區學城路一段12號C區2樓,FUNBOX：義大世界周邊商品販售中
623,高雄市大樹區久堂路城隍巷15之8號,統一超商：九曲堂
624,高雄市大樹區學城路一段12號A區B1,玩具反斗城：義大店
625,高雄市前鎮區中華五路789號5樓,FUNBOX：夢時代周邊商品販售中
626,高雄市前鎮區中華五路789號5樓,玩具反斗城：夢時代周邊商品販售中
627,高雄市前鎮區瑞隆路476號,金玉堂：瑞隆店周邊商品販售中
628,高雄市前鎮區中華五路1111號 2樓,家樂福：成功店
629,高雄市前鎮區三多三路213號8樓,鼎美玩具：高雄新光
630,高雄市前鎮區中華五路789號9,HAPPY100：高雄夢時代店
631,高雄市前鎮區中山四路100號2F(02023),FUNBOX：大魯閣新光
632,高雄市前鎮區光華二路157號商店街,玩具e哥：光華家樂福
633,高雄市前鎮區三多三路217號7樓,FUNBOX：高雄SOGO
634,高雄市前鎮區鄭和南路420-1號,全家：高雄鄭和店
635,高雄市前鎮區管仲路20號,統一超商：管仲
636,高雄市小港區漢民路292號B1,文仁文具王
637,高雄市小港區康莊路80號,金玉堂：小港店周邊商品販售中
638,高雄市小港區松舍里漢民路829號,統一超商：宏華
639,高雄市小港區桂林里孔鳳路557號,101文具：高雄桂林店周邊商品販售中
640,高雄市小港區高鳳路34-3號,統一超商：松興
641,高雄市小港區港平路29號,統一超商：觀雲
642,高雄市小港區平和路156號,統一超商：港后
643,高雄市岡山區中山北路82號,卡豆生活休閒館
644,高雄市岡山區岡山路199號,玩具貓模型店周邊商品販售中
645,高雄市岡山區大仁路138號,統一超商：仁富
646,高雄市岡山區大遼里捷安路1巷2號,TOYWORLD：岡山秀泰
647,高雄市左營區博愛二路320號2樓,老虎歡樂世界：高雄博愛
648,高雄市左營區菜公里曾子路410號,谷玖玩具周邊商品販售中
649,高雄市左營區新光里崇德路356號,金玉堂：崇德店周邊商品販售中
650,高雄市左營區新光里文康路156號1樓,統一超商：文康
651,高雄市左營區福山里榮總路175號1樓,統一超商：新高榮
652,高雄市左營區高鐵路123號5樓,鼎美玩具：左營新光周邊商品販售中
653,高雄市左營區博愛二路777號6樓,鼎美玩具：漢神巨蛋周邊商品販售中
654,高雄市左營區自由三路296號,瀚林文化廣場：自由店周邊商品販售中
655,高雄市左營區博愛二路320號3樓,TOYWORLD：高雄明華店周邊商品販售中
656,高雄市左營區華夏路1152號1樓,統一超商：重惠
657,高雄市路竹區國昌路16號,金玉堂：路竹店
658,高雄市路竹區大仁路326號1樓,全家：路竹一甲店
659,高雄市三民區金鼎路339號,金玉堂：鼎中店周邊商品販售中
660,高雄市三民區鼎山街529號3樓,家樂福：鼎山店
661,高雄市三民區自立一路287號289號,統一超商：新立寧
662,高雄市三民區鼎山街290號,雄大書局：鼎山店周邊商品販售中
663,高雄市三民區天祥一路90號,瀚林文化廣場：天祥店
664,高雄市三民區吉林街68號,統一超商：達仁
665,高雄市三民區澄清路339號1樓,TOYWOLRD：澄清佳瑪
666,高雄市三民區正興路1號3號,統一超商：雙興
667,高雄市三民區建工路405號,玩具e哥：高雄建工店
668,高雄市三民區鼎泰里明仁路8號,統一超商：明仁
669,高雄市三民區陽明路188號,101文具：陽明店
670,高雄市橋頭區仕和里仕豐路11號1樓,金玉堂：橋頭店周邊商品販售中
671,高雄市鳳山區林森路291號2樓,家樂福：五甲店
672,高雄市鳳山區文山里八德路二段116號,統一超商：美澄
673,高雄市鳳山區鎮南里龍成路242-1號,統一超商：新保泰
674,高雄市鳳山區南榮路161號,雄大書局：鳳山店
675,高雄市鳳山區五甲一路899號2樓,崑山玩具精品批發：高雄鳳山店
676,高雄市鳳山區鎮北里鳳北路60之17號,統一超商：牛潮埔
677,高雄市鳳山區過埤里過埤路170號,統一超商：鳳埤
678,高雄市鳳山區文衡路259號1樓,玩具e哥：高雄文衡店周邊商品販售中
679,高雄市鳳山區海洋一路31號,統一超商：超全
680,高雄市鳳山區頂庄路209號,統一超商：鳳儀
681,高雄市鳳山區中山西路236號2樓 美食街,玩具e哥：家福鳳山店
682,高雄市楠梓區藍田路288號3樓,家樂福：楠梓店
683,高雄市楠梓區翠屏里惠民路88號1樓,統一超商：惠民
684,高雄市楠梓區藍昌路370號1樓,玩具e哥：高雄楠梓店周邊商品販售中
685,高雄市楠梓區右昌街50號,瀚林文化廣場：右昌店
686,高雄市楠梓區創新路615號,統一超商：高昌
687,高雄市楠梓區壽豐路517號519號521號,統一超商：惠豐
688,高雄市楠梓區土庫一路60號B1商店街,玩具e哥：新楠家樂福
689,高雄市湖內區葉厝里保生路135號,統一超商：千湖
690,高雄市湖內區湖東里中山路1段229號,統一超商：新東專
691,高雄市大寮區會社里1鄰鳳林三路1之10號,統一超商：金山角
692,高雄市鹽埕區建國四路312號,統一超商：客宭
693,高雄市鹽埕區大智路122號,101文具：鹽埕店
694,高雄市鹽埕區港都里五福四路265號1樓,統一超商：鑫漢王
695,高雄市新興區七賢二路86號,統一超商：建興
696,高雄市新興區中東里復興一路72號1樓,統一超商：新三華
697,高雄市新興區復興一路28號30號32號1樓,統一超商：復橫
698,高雄市鼓山區龍德路45號,蟲之森周邊商品販售中
699,高雄市鼓山區大順一路115號5樓,FUNBOX：義享天地
700,高雄市鼓山區龍德路87號,統一超商：龍順
701,高雄市鼓山區鼓山三路8-25號1樓,統一超商：銀川
702,高雄市鼓山區裕誠路1900號,全家：高雄天誠店
703,高雄市茄萣區茄萣路二段403號,統一超商：新茄萣
704,高雄市鳥松區鳥松里大智路5號,統一超商：長青
705,高雄市林園區廣應里王公路341號343號,統一超商：神農
706,高雄市林園區東林西路99號101號,統一超商：艾文
707,高雄市梓官區智蚵里中正路186號,統一超商：正港
708,高雄市仁武區仁孝路368號1樓,統一超商：赤山
709,高雄市六龜區光復路98號,統一超商：六龜
710,屏東縣屏東市中正路72號5樓,FUNBOX：屏東太平洋
711,屏東縣屏東市擇仁里公勇路62號1樓,TOYWORLD：屏東驛站周邊商品販售中
712,屏東縣屏東市興樂里杭州街30號1樓,統一超商：新樂興
713,屏東縣屏東市仁愛路90號4樓,FUNBOX：屏東環球
714,屏東縣屏東市瑞光里民生東路58-2號,統一超商：瑞光
715,屏東縣屏東市潭漧里廣東路1588、1590號,統一超商：崇蘭
716,屏東縣潮州鎮信義路111號,TOYWORLD：潮州驛站周邊商品販售中
717,屏東縣潮州鎮光華里光華路153號1樓,統一超商：清順
718,屏東縣恆春鎮恆南路1巷6之1號,統一超商：吉春
719,屏東縣萬丹鄉廈北村南北路二段289號,統一超商：廣得亨
720,屏東縣東港鎮鎮海里鎮海路1-100號,統一超商：鎮海
721,屏東縣東港鎮興東里中正路二段491號1樓,統一超商：鼎東
722,屏東縣內埔鄉南寧路19、21號,統一超商：順越
723,屏東縣內埔鄉廣濟路349號,金玉堂：內埔店
724,屏東縣林邊鄉中林路295號,統一超商：林美
725,屏東縣高樹鄉南興路141-5號,全家：高樹農會店
726,臺東縣臺東市豐年里中興路三段399號1樓,統一超商：成貞
727,臺東縣臺東市新生路268號之2,101文具：台東新生店周邊商品販售中
728,臺東縣臺東市新生路93號,FUNBOX：台東秀泰周邊商品販售中
729,臺東縣臺東市新生路680號1樓,統一超商：仁毅
730,臺東縣臺東市仁昌街148號,統一超商：冠美
731,臺東縣臺東市正氣北路182號,統一超商：東漢
732,臺東縣臺東市中興路3段592號B1,玩具e哥：台東大潤發
733,花蓮縣花蓮市和平路581號2樓,FUNBOX：花蓮遠東周邊商品販售中
734,花蓮縣花蓮市和平路581號B1,老虎歡樂世界：花蓮愛買店
735,花蓮縣花蓮市和平路449號,玩具e哥：花蓮和平店
736,花蓮縣花蓮市林森路160號1樓,統一超商：蓮慶
737,花蓮縣新城鄉嘉里路15號1樓,玩具e哥：家福花蓮店
738,花蓮縣吉安鄉中山路二段73號,統一超商：文景
739,花蓮縣吉安鄉東昌村海岸路77號,統一超商：富翔
740,花蓮縣吉安鄉北昌村建國路一段51號,統一超商：蓮恆
741,花蓮縣吉安鄉建國路1段51號,統一超商：蓮恆
742,宜蘭縣宜蘭市民權路二段38巷6號3F,FUNBOX：新月廣場周邊商品販售中
743,宜蘭縣宜蘭市女中路三段613號1樓,玩轉地球
744,宜蘭縣宜蘭市中山路二段101號,統一超商：蘭陽
745,宜蘭縣宜蘭市中山路2段101號,統一超商：蘭陽
746,宜蘭縣羅東鎮興東路242之1號,玩具e哥：羅東店
747,宜蘭縣羅東鎮興東路23之2號1樓2,統一超商：新羅興
748,宜蘭縣羅東鎮公正路31號1樓,統一超商：金站
749,宜蘭縣羅東鎮公正路136號1樓,統一超商：潤霖
750,宜蘭縣羅東鎮公正路357號,統一超商：羅高
751,宜蘭縣礁溪鄉吳沙村礁溪路一段142號,統一超商：嘉融
752,宜蘭縣礁溪鄉礁溪路4段85、87號,統一超商：礁溪
753,宜蘭縣頭城鎮青雲路三段96號1樓,統一超商：頭城
754,澎湖縣馬公市同和路158號3樓3-03,FUNBOX：昇恆昌澎湖
